{
  "mse": 12.87312426410699,
  "rmse": 3.5879136366566837,
  "mae": 0.8334159627181553,
  "r2": 0.8554908412598247
}