{
  "mse": 23.901340319814754,
  "rmse": 4.888899704413535,
  "mae": 1.088434776736946,
  "r2": 0.717230048468154
}