{
  "mse": 4.60540795654383,
  "rmse": 2.1460214249964586,
  "mae": 0.5656862338091707,
  "r2": 0.9421955713266742
}