{
  "mse": 13.932486003431027,
  "rmse": 3.7326245462718357,
  "mae": 0.8335816848062811,
  "r2": 0.8442673342268128
}