{
  "mse": 2.107258626935012,
  "rmse": 1.4516399784157958,
  "mae": 0.5145753060119105,
  "r2": 0.9717156993068655,
  "y_true": 