{
  "mse": 11.942983091806473,
  "rmse": 3.455862134374934,
  "mae": 0.9133903894223007,
  "r2": 0.8522909930269225
}