{
  "mse": 15.636158959152926,
  "rmse": 3.95425833237447,
  "mae": 0.8585700060352565,
  "r2": 0.8294827013027859
}