{
  "mse": 28.105229332178773,
  "rmse": 5.30143653476855,
  "mae": 1.202766600811929,
  "r2": 0.7360790188375674
}