{
  "mse": 24.058167630844054,
  "rmse": 4.9049126017538835,
  "mae": 1.0830395304930502,
  "r2": 0.7160623756663278
}