{
  "mse": 26.354610390910068,
  "rmse": 5.133674160960166,
  "mae": 1.2551938034300079,
  "r2": 0.6870680172867012
}