{
  "mse": 8.695822991784185,
  "rmse": 2.948868086534931,
  "mae": 0.7096726299297125,
  "r2": 0.8929434511374902
}