{
  "mse": 28.380052147909034,
  "rmse": 5.327293135158702,
  "mae": 1.1990742116130746,
  "r2": 0.7334484769256039
}